id,name,base_frequencies,rate_variation,matrix_params,basefreq_params,ratevar_params,datatype,phyml_commandline,raxml_commandline,notes,ALL,ALLX,BEAST,MRBAYES,GAMMA,GAMMAI,LIEMARKOV,GAMMALG4X
1,JC,equal,none,0,0,0,DNA," -o lr  -m 000000 -f '0.25, 0.25, 0.25, 0.25' -c 1",NA,,1,1,1,1,0,0,1,0
2,K80,equal,none,1,0,0,DNA," -o lr  -m 010010 -f '0.25, 0.25, 0.25, 0.25' -c 1",NA,,1,1,1,1,0,0,1,0
3,TRNEF,equal,none,2,0,0,DNA," -o lr  -m 010020 -f '0.25, 0.25, 0.25, 0.25' -c 1",NA,,1,1,1,0,0,0,1,0
4,K81,equal,none,2,0,0,DNA," -o lr  -m 012210 -f '0.25, 0.25, 0.25, 0.25' -c 1",NA,,1,1,0,0,0,0,1,0
5,TVMEF,equal,none,4,0,0,DNA," -o lr  -m 012314 -f '0.25, 0.25, 0.25, 0.25' -c 1",NA,,1,1,0,0,0,0,0,0
6,TIMEF,equal,none,3,0,0,DNA," -o lr  -m 012230 -f '0.25, 0.25, 0.25, 0.25' -c 1",NA,,1,1,0,0,0,0,0,0
7,SYM,equal,none,5,0,0,DNA," -o lr  -m 012345 -f '0.25, 0.25, 0.25, 0.25' -c 1",NA,,1,1,1,1,0,0,0,0
8,F81,empirical,none,0,3,0,DNA, -o lr  -m 000000 -f e -c 1,NA,,1,1,0,1,0,0,1,0
9,HKY,empirical,none,1,3,0,DNA, -o lr  -m 010010 -f e -c 1,NA,,1,1,1,1,0,0,0,0
10,TRN,empirical,none,2,3,0,DNA, -o lr  -m 010020 -f e -c 1,NA,,1,1,1,0,0,0,0,0
11,K81UF,empirical,none,2,3,0,DNA, -o lr  -m 012210 -f e -c 1,NA,,1,1,0,0,0,0,0,0
12,TVM,empirical,none,4,3,0,DNA, -o lr  -m 012314 -f e -c 1,NA,,1,1,0,0,0,0,0,0
13,TIM,empirical,none,3,3,0,DNA, -o lr  -m 012230 -f e -c 1,NA,,1,1,0,0,0,0,0,0
14,GTR,empirical,none,5,3,0,DNA, -o lr  -m 012345 -f e -c 1, -m GTRCAT -V,,1,1,1,1,0,0,0,0
15,F81+X,ML,none,0,3,0,DNA, -o lr  -m 000000 -f m -c 1,NA,,0,1,0,0,0,0,1,0
16,HKY+X,ML,none,1,3,0,DNA, -o lr  -m 010010 -f m -c 1,NA,,0,1,1,0,0,0,0,0
17,TRN+X,ML,none,2,3,0,DNA, -o lr  -m 010020 -f m -c 1,NA,,0,1,1,0,0,0,0,0
18,K81UF+X,ML,none,2,3,0,DNA, -o lr  -m 012210 -f m -c 1,NA,,0,1,0,0,0,0,0,0
19,TVM+X,ML,none,4,3,0,DNA, -o lr  -m 012314 -f m -c 1,NA,,0,1,0,0,0,0,0,0
20,TIM+X,ML,none,3,3,0,DNA, -o lr  -m 012230 -f m -c 1,NA,,0,1,0,0,0,0,0,0
21,GTR+X,ML,none,5,3,0,DNA, -o lr  -m 012345 -f m -c 1, -m GTRCATX -V,,0,1,1,0,0,0,0,0
22,LG,model,none,0,0,0,protein, -o lr  -m LG -d aa -f m -c 1, -m PROTCATLG -V,,1,1,0,0,0,0,0,0
23,WAG,model,none,0,0,0,protein, -o lr  -m WAG -d aa -f m -c 1, -m PROTCATWAG -V,,1,1,1,1,0,0,0,0
24,MTREV,model,none,0,0,0,protein, -o lr  -m mtREV -d aa -f m -c 1, -m PROTCATMTREV -V,,1,1,1,1,0,0,0,0
25,DAYHOFF,model,none,0,0,0,protein, -o lr  -m Dayhoff -d aa -f m -c 1, -m PROTCATDAYHOFF -V,,1,1,1,1,0,0,0,0
26,DCMUT,model,none,0,0,0,protein, -o lr  -m DCMut -d aa -f m -c 1, -m PROTCATDCMUT -V,,1,1,0,0,0,0,0,0
27,JTT,model,none,0,0,0,protein, -o lr  -m JTT -d aa -f m -c 1, -m PROTCATJTT -V,,1,1,1,0,0,0,0,0
28,VT,model,none,0,0,0,protein, -o lr  -m VT -d aa -f m -c 1, -m PROTCATVT -V,,1,1,0,1,0,0,0,0
29,BLOSUM62,model,none,0,0,0,protein, -o lr  -m Blosum62 -d aa -f m -c 1, -m PROTCATBLOSUM62 -V,,1,1,1,1,0,0,0,0
30,CPREV,model,none,0,0,0,protein, -o lr  -m CpREV -d aa -f m -c 1, -m PROTCATCPREV -V,,1,1,1,1,0,0,0,0
31,RTREV,model,none,0,0,0,protein, -o lr  -m RtREV -d aa -f m -c 1, -m PROTCATRTREV -V,,1,1,0,1,0,0,0,0
32,MTMAM,model,none,0,0,0,protein, -o lr  -m MtMam -d aa -f m -c 1, -m PROTCATMTMAM -V,,1,1,0,1,0,0,0,0
33,MTART,model,none,0,0,0,protein, -o lr  -m MtArt -d aa -f m -c 1, -m PROTCATMTART -V,,1,1,0,0,0,0,0,0
34,HIVB,model,none,0,0,0,protein, -o lr  -m HIVb -d aa -f m -c 1, -m PROTCATHIVB -V,,1,1,0,0,0,0,0,0
35,HIVW,model,none,0,0,0,protein, -o lr  -m HIVw -d aa -f m -c 1, -m PROTCATHIVW -V,,1,1,0,0,0,0,0,0
36,LG4M,model,none,0,0,0,protein,NA,NA,"LG4M has gamma rates by design. Thus, it doesn't make much sense to use it without them.",0,0,0,0,0,0,0,0
37,LG4X,model,free,3,0,3,protein,NA, -m PROTGAMMALG4X,"Note that the LG4X model has 4 independent rate categories. So, it is nonsensical to try and estimate an LG4X model without any among-site rate variation. As a result, there is no entry in this file for the LG4X model without rate variation (i.e. with 'none' in the rate variation column). In fact, that model is just the LG model on line 22. So, for clarity the LG4X model is included here. Note that the fact that the call in RAxML starts with PROTGAMMA does not mean that we are also estimating a gamma distribution. We aren't. This call in RAxML is just a quirk, presumably a historical legacy of the way RAxML was written before the LG4X model was published.",1,1,0,0,0,0,0,1
38,MTZOA,model,none,0,0,0,protein,NA, -m PROTCATMTZOA -V,,1,1,0,0,0,0,0,0
39,PMB,model,none,0,0,0,protein,NA, -m PROTCATPMB -V,,1,1,0,0,0,0,0,0
40,JTTDCMUT,model,none,0,0,0,protein,NA, -m PROTCATJTTDCMUT -V,,1,1,0,0,0,0,0,0
41,FLU,model,none,0,0,0,protein,NA, -m PROTCATFLU -V,,1,1,0,0,0,0,0,0
42,STMTREV,model,none,0,0,0,protein,NA, -m PROTCATSTMTREV -V,,1,1,0,0,0,0,0,0
43,DUMMY,model,none,0,0,0,protein,NA, -m PROTCATDUMMY -V,,1,1,0,0,0,0,0,0
44,DUMMY2,model,none,0,0,0,protein,NA, -m PROTCATDUMMY2 -V,,1,1,0,0,0,0,0,0
45,GTR,model,none,189,0,0,protein,NA,NA,"Not possible, because by definition the GTR model does not have any amino acid frequencies with it. So they either need to be estimated from the data empirically (see GTR+F) or by ML (not implemented in RAxML or, therefore, PartitionFinder).",0,0,0,0,0,0,0,0
46,LG+F,empirical,none,0,19,0,protein, -o lr  -m LG -d aa -f e -c 1, -m PROTCATLG -V,,1,1,0,0,0,0,0,0
47,WAG+F,empirical,none,0,19,0,protein, -o lr  -m WAG -d aa -f e -c 1, -m PROTCATWAG -V,,1,1,0,0,0,0,0,0
48,MTREV+F,empirical,none,0,19,0,protein, -o lr  -m mtREV -d aa -f e -c 1, -m PROTCATMTREV -V,,1,1,0,0,0,0,0,0
49,DAYHOFF+F,empirical,none,0,19,0,protein, -o lr  -m Dayhoff -d aa -f e -c 1, -m PROTCATDAYHOFF -V,,1,1,0,0,0,0,0,0
50,DCMUT+F,empirical,none,0,19,0,protein, -o lr  -m DCMut -d aa -f e -c 1, -m PROTCATDCMUT -V,,1,1,0,0,0,0,0,0
51,JTT+F,empirical,none,0,19,0,protein, -o lr  -m JTT -d aa -f e -c 1, -m PROTCATJTT -V,,1,1,0,0,0,0,0,0
52,VT+F,empirical,none,0,19,0,protein, -o lr  -m VT -d aa -f e -c 1, -m PROTCATVT -V,,1,1,0,0,0,0,0,0
53,BLOSUM62+F,empirical,none,0,19,0,protein, -o lr  -m Blosum62 -d aa -f e -c 1, -m PROTCATBLOSUM62 -V,,1,1,0,0,0,0,0,0
54,CPREV+F,empirical,none,0,19,0,protein, -o lr  -m CpREV -d aa -f e -c 1, -m PROTCATCPREV -V,,1,1,0,0,0,0,0,0
55,RTREV+F,empirical,none,0,19,0,protein, -o lr  -m RtREV -d aa -f e -c 1, -m PROTCATRTREV -V,,1,1,0,0,0,0,0,0
56,MTMAM+F,empirical,none,0,19,0,protein, -o lr  -m MtMam -d aa -f e -c 1, -m PROTCATMTMAM -V,,1,1,0,0,0,0,0,0
57,MTART+F,empirical,none,0,19,0,protein, -o lr  -m MtArt -d aa -f e -c 1, -m PROTCATMTART -V,,1,1,0,0,0,0,0,0
58,HIVB+F,empirical,none,0,19,0,protein, -o lr  -m HIVb -d aa -f e -c 1, -m PROTCATHIVB -V,,1,1,0,0,0,0,0,0
59,HIVW+F,empirical,none,0,19,0,protein, -o lr  -m HIVw -d aa -f e -c 1, -m PROTCATHIVW -V,,1,1,0,0,0,0,0,0
60,LG4M+F,empirical,none,0,19,0,protein,NA,NA,"Advised against in the RAxML v8 Manual, so not impelemented in PF",0,0,0,0,0,0,0,0
61,LG4X+F,empirical,none,6,19,0,protein,NA,NA,"Advised against in the RAxML v8 Manual, so not impelemented in PF",0,0,0,0,0,0,0,0
62,MTZOA+F,empirical,none,0,19,0,protein,NA, -m PROTCATMTZOA -V,,1,1,0,0,0,0,0,0
63,PMB+F,empirical,none,0,19,0,protein,NA, -m PROTCATPMB -V,,1,1,0,0,0,0,0,0
64,JTTDCMUT+F,empirical,none,0,19,0,protein,NA, -m PROTCATJTTDCMUT -V,,1,1,0,0,0,0,0,0
65,FLU+F,empirical,none,0,19,0,protein,NA, -m PROTCATFLU -V,,1,1,0,0,0,0,0,0
66,STMTREV+F,empirical,none,0,19,0,protein,NA, -m PROTCATSTMTREV -V,,1,1,0,0,0,0,0,0
67,DUMMY+F,empirical,none,0,19,0,protein,NA, -m PROTCATDUMMY -V,,1,1,0,0,0,0,0,0
68,DUMMY2+F,empirical,none,0,19,0,protein,NA, -m PROTCATDUMMY2 -V,,1,1,0,0,0,0,0,0
69,GTR+F,empirical,none,189,19,0,protein,NA,NA,,0,0,0,1,0,0,0,0
70,LG+X,ML,none,0,19,0,protein,NA, -m PROTGAMMALGX,,0,1,0,0,0,0,0,0
71,WAG+X,ML,none,0,19,0,protein,NA, -m PROTGAMMAWAGX,,0,1,0,0,0,0,0,0
72,MTREV+X,ML,none,0,19,0,protein,NA, -m PROTGAMMAMTREVX,,0,1,0,0,0,0,0,0
73,DAYHOFF+X,ML,none,0,19,0,protein,NA, -m PROTGAMMADAYHOFFX,,0,1,0,0,0,0,0,0
74,DCMUT+X,ML,none,0,19,0,protein,NA, -m PROTGAMMADCMUTX,,0,1,0,0,0,0,0,0
75,JTT+X,ML,none,0,19,0,protein,NA, -m PROTGAMMAJTTX,,0,1,0,0,0,0,0,0
76,VT+X,ML,none,0,19,0,protein,NA, -m PROTGAMMAVTX,,0,1,0,0,0,0,0,0
77,BLOSUM62+X,ML,none,0,19,0,protein,NA, -m PROTGAMMABLOSUM62X,,0,1,0,0,0,0,0,0
78,CPREV+X,ML,none,0,19,0,protein,NA, -m PROTGAMMACPREVX,,0,1,0,0,0,0,0,0
79,RTREV+X,ML,none,0,19,0,protein,NA, -m PROTGAMMARTREVX,,0,1,0,0,0,0,0,0
80,MTMAM+X,ML,none,0,19,0,protein,NA, -m PROTGAMMAMTMAMX,,0,1,0,0,0,0,0,0
81,MTART+X,ML,none,0,19,0,protein,NA, -m PROTGAMMAMTARTX,,0,1,0,0,0,0,0,0
82,HIVB+X,ML,none,0,19,0,protein,NA, -m PROTGAMMAHIVBX,,0,1,0,0,0,0,0,0
83,HIVW+X,ML,none,0,19,0,protein,NA, -m PROTGAMMAHIVWX,,0,1,0,0,0,0,0,0
84,LG4M+X,ML,none,0,19,0,protein,NA,NA,"Advised against in the RAxML v8 Manual, so not impelemented in PF",0,0,0,0,0,0,0,0
85,LG4X+X,ML,none,6,19,0,protein,NA,NA,"Advised against in the RAxML v8 Manual, so not impelemented in PF",0,0,0,0,0,0,0,0
86,MTZOA+X,ML,none,0,19,0,protein,NA, -m PROTGAMMAMTZOAX,,0,1,0,0,0,0,0,0
87,PMB+X,ML,none,0,19,0,protein,NA, -m PROTGAMMAPMBX,,0,1,0,0,0,0,0,0
88,JTTDCMUT+X,ML,none,0,19,0,protein,NA, -m PROTGAMMAJTTDCMUTX,,0,1,0,0,0,0,0,0
89,FLU+X,ML,none,0,19,0,protein,NA, -m PROTGAMMAFLUX,,0,1,0,0,0,0,0,0
90,STMTREV+X,ML,none,0,19,0,protein,NA, -m PROTGAMMASTMTREVX,,0,1,0,0,0,0,0,0
91,DUMMY+X,ML,none,0,19,0,protein,NA, -m PROTGAMMADUMMYX,,0,1,0,0,0,0,0,0
92,DUMMY2+X,ML,none,0,19,0,protein,NA, -m PROTGAMMADUMMY2X,,0,1,0,0,0,0,0,0
93,GTR+X,ML,none,189,19,0,protein,NA,NA,"Possible in theory, but not implemented in RAxML and therefore not implemented in PF",0,0,0,0,0,0,0,0
94,JC+G,equal,gamma,0,0,1,DNA," -o lr  -m 000000 -f '0.25, 0.25, 0.25, 0.25' -a e -c 4",NA,,1,1,1,1,1,0,1,1
95,K80+G,equal,gamma,1,0,1,DNA," -o lr  -m 010010 -f '0.25, 0.25, 0.25, 0.25' -a e -c 4",NA,,1,1,1,1,1,0,1,1
96,TRNEF+G,equal,gamma,2,0,1,DNA," -o lr  -m 010020 -f '0.25, 0.25, 0.25, 0.25' -a e -c 4",NA,,1,1,1,0,1,0,1,1
97,K81+G,equal,gamma,2,0,1,DNA," -o lr  -m 012210 -f '0.25, 0.25, 0.25, 0.25' -a e -c 4",NA,,1,1,0,0,1,0,1,1
98,TVMEF+G,equal,gamma,4,0,1,DNA," -o lr  -m 012314 -f '0.25, 0.25, 0.25, 0.25' -a e -c 4",NA,,1,1,0,0,1,0,0,1
99,TIMEF+G,equal,gamma,3,0,1,DNA," -o lr  -m 012230 -f '0.25, 0.25, 0.25, 0.25' -a e -c 4",NA,,1,1,0,0,1,0,0,1
100,SYM+G,equal,gamma,5,0,1,DNA," -o lr  -m 012345 -f '0.25, 0.25, 0.25, 0.25' -a e -c 4",NA,,1,1,1,1,1,0,0,1
101,F81+G,empirical,gamma,0,3,1,DNA, -o lr  -m 000000 -f e -a e -c 4,NA,,1,1,0,1,1,0,1,1
102,HKY+G,empirical,gamma,1,3,1,DNA, -o lr  -m 010010 -f e -a e -c 4,NA,,1,1,1,1,1,0,0,1
103,TRN+G,empirical,gamma,2,3,1,DNA, -o lr  -m 010020 -f e -a e -c 4,NA,,1,1,1,0,1,0,0,1
104,K81UF+G,empirical,gamma,2,3,1,DNA, -o lr  -m 012210 -f e -a e -c 4,NA,,1,1,0,0,1,0,0,1
105,TVM+G,empirical,gamma,4,3,1,DNA, -o lr  -m 012314 -f e -a e -c 4,NA,,1,1,0,0,1,0,0,1
106,TIM+G,empirical,gamma,3,3,1,DNA, -o lr  -m 012230 -f e -a e -c 4,NA,,1,1,0,0,1,0,0,1
107,GTR+G,empirical,gamma,5,3,1,DNA, -o lr  -m 012345 -f e -a e -c 4, -m GTRGAMMA,,1,1,1,1,1,0,0,1
108,F81+G+X,ML,gamma,0,3,1,DNA, -o lr  -m 000000 -f m -a e -c 4,NA,,0,1,0,0,0,0,1,0
109,HKY+G+X,ML,gamma,1,3,1,DNA, -o lr  -m 010010 -f m -a e -c 4,NA,,0,1,1,0,0,0,0,0
110,TRN+G+X,ML,gamma,2,3,1,DNA, -o lr  -m 010020 -f m -a e -c 4,NA,,0,1,1,0,0,0,0,0
111,K81UF+G+X,ML,gamma,2,3,1,DNA, -o lr  -m 012210 -f m -a e -c 4,NA,,0,1,0,0,0,0,0,0
112,TVM+G+X,ML,gamma,4,3,1,DNA, -o lr  -m 012314 -f m -a e -c 4,NA,,0,1,0,0,0,0,0,0
113,TIM+G+X,ML,gamma,3,3,1,DNA, -o lr  -m 012230 -f m -a e -c 4,NA,,0,1,0,0,0,0,0,0
114,GTR+G+X,ML,gamma,5,3,1,DNA, -o lr  -m 012345 -f m -a e -c 4, -m GTRGAMMAX,,0,1,1,0,0,0,0,0
115,LG+G,model,gamma,0,0,1,protein, -o lr  -m LG -d aa -f m -a e -c 4, -m PROTGAMMALG,,1,1,0,0,1,0,0,1
116,WAG+G,model,gamma,0,0,1,protein, -o lr  -m WAG -d aa -f m -a e -c 4, -m PROTGAMMAWAG,,1,1,1,1,1,0,0,1
117,MTREV+G,model,gamma,0,0,1,protein, -o lr  -m mtREV -d aa -f m -a e -c 4, -m PROTGAMMAMTREV,,1,1,1,1,1,0,0,1
118,DAYHOFF+G,model,gamma,0,0,1,protein, -o lr  -m Dayhoff -d aa -f m -a e -c 4, -m PROTGAMMADAYHOFF,,1,1,1,1,1,0,0,1
119,DCMUT+G,model,gamma,0,0,1,protein, -o lr  -m DCMut -d aa -f m -a e -c 4, -m PROTGAMMADCMUT,,1,1,0,0,1,0,0,1
120,JTT+G,model,gamma,0,0,1,protein, -o lr  -m JTT -d aa -f m -a e -c 4, -m PROTGAMMAJTT,,1,1,1,0,1,0,0,1
121,VT+G,model,gamma,0,0,1,protein, -o lr  -m VT -d aa -f m -a e -c 4, -m PROTGAMMAVT,,1,1,0,1,1,0,0,1
122,BLOSUM62+G,model,gamma,0,0,1,protein, -o lr  -m Blosum62 -d aa -f m -a e -c 4, -m PROTGAMMABLOSUM62,,1,1,1,1,1,0,0,1
123,CPREV+G,model,gamma,0,0,1,protein, -o lr  -m CpREV -d aa -f m -a e -c 4, -m PROTGAMMACPREV,,1,1,1,1,1,0,0,1
124,RTREV+G,model,gamma,0,0,1,protein, -o lr  -m RtREV -d aa -f m -a e -c 4, -m PROTGAMMARTREV,,1,1,0,1,1,0,0,1
125,MTMAM+G,model,gamma,0,0,1,protein, -o lr  -m MtMam -d aa -f m -a e -c 4, -m PROTGAMMAMTMAM,,1,1,0,1,1,0,0,1
126,MTART+G,model,gamma,0,0,1,protein, -o lr  -m MtArt -d aa -f m -a e -c 4, -m PROTGAMMAMTART,,1,1,0,0,1,0,0,1
127,HIVB+G,model,gamma,0,0,1,protein, -o lr  -m HIVb -d aa -f m -a e -c 4, -m PROTGAMMAHIVB,,1,1,0,0,1,0,0,1
128,HIVW+G,model,gamma,0,0,1,protein, -o lr  -m HIVw -d aa -f m -a e -c 4, -m PROTGAMMAHIVW,,1,1,0,0,1,0,0,1
129,LG4M+G,model,gamma,0,0,1,protein,NA, -m PROTGAMMALG4M,,1,1,0,0,1,0,0,1
130,LG4X+G,model,gamma,6,0,1,protein,NA,NA,"This model is not possible by definition, since the LG4X model has 4 free rate categories (i.e. they are not distributed according to a gamma distribution)",0,0,0,0,0,0,0,0
131,MTZOA+G,model,gamma,0,0,1,protein,NA, -m PROTGAMMAMTZOA,,1,1,0,0,1,0,0,1
132,PMB+G,model,gamma,0,0,1,protein,NA, -m PROTGAMMAPMB,,1,1,0,0,1,0,0,1
133,JTTDCMUT+G,model,gamma,0,0,1,protein,NA, -m PROTGAMMAJTTDCMUT,,1,1,0,0,1,0,0,1
134,FLU+G,model,gamma,0,0,1,protein,NA, -m PROTGAMMAFLU,,1,1,0,0,1,0,0,1
135,STMTREV+G,model,gamma,0,0,1,protein,NA, -m PROTGAMMASTMTREV,,1,1,0,0,1,0,0,1
136,DUMMY+G,model,gamma,0,0,1,protein,NA, -m PROTGAMMADUMMY,,1,1,0,0,1,0,0,1
137,DUMMY2+G,model,gamma,0,0,1,protein,NA, -m PROTGAMMADUMMY2,,1,1,0,0,1,0,0,1
138,GTR+G,model,gamma,189,0,1,protein,NA,NA,,0,1,0,0,0,0,0,0
139,LG+G+F,empirical,gamma,0,19,1,protein, -o lr  -m LG -d aa -f e -a e -c 4, -m PROTGAMMALGF,,1,1,0,0,1,0,0,1
140,WAG+G+F,empirical,gamma,0,19,1,protein, -o lr  -m WAG -d aa -f e -a e -c 4, -m PROTGAMMAWAGF,,1,1,0,0,1,0,0,1
141,MTREV+G+F,empirical,gamma,0,19,1,protein, -o lr  -m mtREV -d aa -f e -a e -c 4, -m PROTGAMMAMTREVF,,1,1,0,0,1,0,0,1
142,DAYHOFF+G+F,empirical,gamma,0,19,1,protein, -o lr  -m Dayhoff -d aa -f e -a e -c 4, -m PROTGAMMADAYHOFFF,,1,1,0,0,1,0,0,1
143,DCMUT+G+F,empirical,gamma,0,19,1,protein, -o lr  -m DCMut -d aa -f e -a e -c 4, -m PROTGAMMADCMUTF,,1,1,0,0,1,0,0,1
144,JTT+G+F,empirical,gamma,0,19,1,protein, -o lr  -m JTT -d aa -f e -a e -c 4, -m PROTGAMMAJTTF,,1,1,0,0,1,0,0,1
145,VT+G+F,empirical,gamma,0,19,1,protein, -o lr  -m VT -d aa -f e -a e -c 4, -m PROTGAMMAVTF,,1,1,0,0,1,0,0,1
146,BLOSUM62+G+F,empirical,gamma,0,19,1,protein, -o lr  -m Blosum62 -d aa -f e -a e -c 4, -m PROTGAMMABLOSUM62F,,1,1,0,0,1,0,0,1
147,CPREV+G+F,empirical,gamma,0,19,1,protein, -o lr  -m CpREV -d aa -f e -a e -c 4, -m PROTGAMMACPREVF,,1,1,0,0,1,0,0,1
148,RTREV+G+F,empirical,gamma,0,19,1,protein, -o lr  -m RtREV -d aa -f e -a e -c 4, -m PROTGAMMARTREVF,,1,1,0,0,1,0,0,1
149,MTMAM+G+F,empirical,gamma,0,19,1,protein, -o lr  -m MtMam -d aa -f e -a e -c 4, -m PROTGAMMAMTMAMF,,1,1,0,0,1,0,0,1
150,MTART+G+F,empirical,gamma,0,19,1,protein, -o lr  -m MtArt -d aa -f e -a e -c 4, -m PROTGAMMAMTARTF,,1,1,0,0,1,0,0,1
151,HIVB+G+F,empirical,gamma,0,19,1,protein, -o lr  -m HIVb -d aa -f e -a e -c 4, -m PROTGAMMAHIVBF,,1,1,0,0,1,0,0,1
152,HIVW+G+F,empirical,gamma,0,19,1,protein, -o lr  -m HIVw -d aa -f e -a e -c 4, -m PROTGAMMAHIVWF,,1,1,0,0,1,0,0,1
153,LG4M+G+F,empirical,gamma,0,19,1,protein,NA,NA,"Advised against in the RAxML v8 Manual, so not impelemented in PF",0,0,0,0,0,0,0,0
154,LG4X+G+F,empirical,gamma,6,19,1,protein,NA,NA,"This model is not possible by definition, since the LG4X model has 4 free rate categories (i.e. they are not distributed according to a gamma distribution)",0,0,0,0,0,0,0,0
155,MTZOA+G+F,empirical,gamma,0,19,1,protein,NA, -m PROTGAMMAMTZOAF,,1,1,0,0,1,0,0,1
156,PMB+G+F,empirical,gamma,0,19,1,protein,NA, -m PROTGAMMAPMBF,,1,1,0,0,1,0,0,1
157,JTTDCMUT+G+F,empirical,gamma,0,19,1,protein,NA, -m PROTGAMMAJTTDCMUTF,,1,1,0,0,1,0,0,1
158,FLU+G+F,empirical,gamma,0,19,1,protein,NA, -m PROTGAMMAFLUF,,1,1,0,0,1,0,0,1
159,STMTREV+G+F,empirical,gamma,0,19,1,protein,NA, -m PROTGAMMASTMTREVF,,1,1,0,0,1,0,0,1
160,DUMMY+G+F,empirical,gamma,0,19,1,protein,NA, -m PROTGAMMADUMMYF,,1,1,0,0,1,0,0,1
161,DUMMY2+G+F,empirical,gamma,0,19,1,protein,NA, -m PROTGAMMADUMMY2F,,1,1,0,0,1,0,0,1
162,GTR+G+F,empirical,gamma,189,19,1,protein,NA, -m PROTGAMMAGTR,,0,1,0,1,0,0,0,0
163,LG+G+X,ML,gamma,0,19,1,protein,NA, -m PROTGAMMALGX,,0,1,0,0,0,0,0,0
164,WAG+G+X,ML,gamma,0,19,1,protein,NA, -m PROTGAMMAWAGX,,0,1,0,0,0,0,0,0
165,MTREV+G+X,ML,gamma,0,19,1,protein,NA, -m PROTGAMMAMTREVX,,0,1,0,0,0,0,0,0
166,DAYHOFF+G+X,ML,gamma,0,19,1,protein,NA, -m PROTGAMMADAYHOFFX,,0,1,0,0,0,0,0,0
167,DCMUT+G+X,ML,gamma,0,19,1,protein,NA, -m PROTGAMMADCMUTX,,0,1,0,0,0,0,0,0
168,JTT+G+X,ML,gamma,0,19,1,protein,NA, -m PROTGAMMAJTTX,,0,1,0,0,0,0,0,0
169,VT+G+X,ML,gamma,0,19,1,protein,NA, -m PROTGAMMAVTX,,0,1,0,0,0,0,0,0
170,BLOSUM62+G+X,ML,gamma,0,19,1,protein,NA, -m PROTGAMMABLOSUM62X,,0,1,0,0,0,0,0,0
171,CPREV+G+X,ML,gamma,0,19,1,protein,NA, -m PROTGAMMACPREVX,,0,1,0,0,0,0,0,0
172,RTREV+G+X,ML,gamma,0,19,1,protein,NA, -m PROTGAMMARTREVX,,0,1,0,0,0,0,0,0
173,MTMAM+G+X,ML,gamma,0,19,1,protein,NA, -m PROTGAMMAMTMAMX,,0,1,0,0,0,0,0,0
174,MTART+G+X,ML,gamma,0,19,1,protein,NA, -m PROTGAMMAMTARTX,,0,1,0,0,0,0,0,0
175,HIVB+G+X,ML,gamma,0,19,1,protein,NA, -m PROTGAMMAHIVBX,,0,1,0,0,0,0,0,0
176,HIVW+G+X,ML,gamma,0,19,1,protein,NA, -m PROTGAMMAHIVWX,,0,1,0,0,0,0,0,0
177,LG4M+G+X,ML,gamma,0,19,1,protein,NA,NA,"Advised against in the RAxML v8 Manual, so not impelemented in PF",0,0,0,0,0,0,0,0
178,LG4X+G+X,ML,gamma,6,19,1,protein,NA,NA,"This model is not possible by definition, since the LG4X model has 4 free rate categories (i.e. they are not distributed according to a gamma distribution)",0,0,0,0,0,0,0,0
179,MTZOA+G+X,ML,gamma,0,19,1,protein,NA, -m PROTGAMMAMTZOAX,,0,1,0,0,0,0,0,0
180,PMB+G+X,ML,gamma,0,19,1,protein,NA, -m PROTGAMMAPMBX,,0,1,0,0,0,0,0,0
181,JTTDCMUT+G+X,ML,gamma,0,19,1,protein,NA, -m PROTGAMMAJTTDCMUTX,,0,1,0,0,0,0,0,0
182,FLU+G+X,ML,gamma,0,19,1,protein,NA, -m PROTGAMMAFLUX,,0,1,0,0,0,0,0,0
183,STMTREV+G+X,ML,gamma,0,19,1,protein,NA, -m PROTGAMMASTMTREVX,,0,1,0,0,0,0,0,0
184,DUMMY+G+X,ML,gamma,0,19,1,protein,NA, -m PROTGAMMADUMMYX,,0,1,0,0,0,0,0,0
185,DUMMY2+G+X,ML,gamma,0,19,1,protein,NA, -m PROTGAMMADUMMY2X,,0,1,0,0,0,0,0,0
186,GTR+G+X,ML,gamma,189,19,1,protein,NA, -m PROTGAMMAGTRX,,0,1,0,0,0,0,0,0
187,JC+I,equal,invariant,0,0,1,DNA," -o lr  -m 000000 -f '0.25, 0.25, 0.25, 0.25' -v e -c 1",NA,,1,1,1,1,0,0,1,0
188,K80+I,equal,invariant,1,0,1,DNA," -o lr  -m 010010 -f '0.25, 0.25, 0.25, 0.25' -v e -c 1",NA,,1,1,1,1,0,0,1,0
189,TRNEF+I,equal,invariant,2,0,1,DNA," -o lr  -m 010020 -f '0.25, 0.25, 0.25, 0.25' -v e -c 1",NA,,1,1,1,0,0,0,1,0
190,K81+I,equal,invariant,2,0,1,DNA," -o lr  -m 012210 -f '0.25, 0.25, 0.25, 0.25' -v e -c 1",NA,,1,1,0,0,0,0,1,0
191,TVMEF+I,equal,invariant,4,0,1,DNA," -o lr  -m 012314 -f '0.25, 0.25, 0.25, 0.25' -v e -c 1",NA,,1,1,0,0,0,0,0,0
192,TIMEF+I,equal,invariant,3,0,1,DNA," -o lr  -m 012230 -f '0.25, 0.25, 0.25, 0.25' -v e -c 1",NA,,1,1,0,0,0,0,0,0
193,SYM+I,equal,invariant,5,0,1,DNA," -o lr  -m 012345 -f '0.25, 0.25, 0.25, 0.25' -v e -c 1",NA,,1,1,1,1,0,0,0,0
194,F81+I,empirical,invariant,0,3,1,DNA, -o lr  -m 000000 -f e -v e -c 1,NA,,1,1,0,1,0,0,1,0
195,HKY+I,empirical,invariant,1,3,1,DNA, -o lr  -m 010010 -f e -v e -c 1,NA,,1,1,1,1,0,0,0,0
196,TRN+I,empirical,invariant,2,3,1,DNA, -o lr  -m 010020 -f e -v e -c 1,NA,,1,1,1,0,0,0,0,0
197,K81UF+I,empirical,invariant,2,3,1,DNA, -o lr  -m 012210 -f e -v e -c 1,NA,,1,1,0,0,0,0,0,0
198,TVM+I,empirical,invariant,4,3,1,DNA, -o lr  -m 012314 -f e -v e -c 1,NA,,1,1,0,0,0,0,0,0
199,TIM+I,empirical,invariant,3,3,1,DNA, -o lr  -m 012230 -f e -v e -c 1,NA,,1,1,0,0,0,0,0,0
200,GTR+I,empirical,invariant,5,3,1,DNA, -o lr  -m 012345 -f e -v e -c 1,NA,,1,1,1,1,0,0,0,0
201,F81+I+X,ML,invariant,0,3,1,DNA, -o lr  -m 000000 -f m -v e -c 1,NA,,0,1,0,0,0,0,1,0
202,HKY+I+X,ML,invariant,1,3,1,DNA, -o lr  -m 010010 -f m -v e -c 1,NA,,0,1,1,0,0,0,0,0
203,TRN+I+X,ML,invariant,2,3,1,DNA, -o lr  -m 010020 -f m -v e -c 1,NA,,0,1,1,0,0,0,0,0
204,K81UF+I+X,ML,invariant,2,3,1,DNA, -o lr  -m 012210 -f m -v e -c 1,NA,,0,1,0,0,0,0,0,0
205,TVM+I+X,ML,invariant,4,3,1,DNA, -o lr  -m 012314 -f m -v e -c 1,NA,,0,1,0,0,0,0,0,0
206,TIM+I+X,ML,invariant,3,3,1,DNA, -o lr  -m 012230 -f m -v e -c 1,NA,,0,1,0,0,0,0,0,0
207,GTR+I+X,ML,invariant,5,3,1,DNA, -o lr  -m 012345 -f m -v e -c 1,NA,,0,1,1,0,0,0,0,0
208,LG+I,model,invariant,0,0,1,protein, -o lr  -m LG -d aa -f m -v e -c 1,NA,,1,1,0,0,0,0,0,0
209,WAG+I,model,invariant,0,0,1,protein, -o lr  -m WAG -d aa -f m -v e -c 1,NA,,1,1,1,1,0,0,0,0
210,MTREV+I,model,invariant,0,0,1,protein, -o lr  -m mtREV -d aa -f m -v e -c 1,NA,,1,1,1,1,0,0,0,0
211,DAYHOFF+I,model,invariant,0,0,1,protein, -o lr  -m Dayhoff -d aa -f m -v e -c 1,NA,,1,1,1,1,0,0,0,0
212,DCMUT+I,model,invariant,0,0,1,protein, -o lr  -m DCMut -d aa -f m -v e -c 1,NA,,1,1,0,0,0,0,0,0
213,JTT+I,model,invariant,0,0,1,protein, -o lr  -m JTT -d aa -f m -v e -c 1,NA,,1,1,1,0,0,0,0,0
214,VT+I,model,invariant,0,0,1,protein, -o lr  -m VT -d aa -f m -v e -c 1,NA,,1,1,0,1,0,0,0,0
215,BLOSUM62+I,model,invariant,0,0,1,protein, -o lr  -m Blosum62 -d aa -f m -v e -c 1,NA,,1,1,1,1,0,0,0,0
216,CPREV+I,model,invariant,0,0,1,protein, -o lr  -m CpREV -d aa -f m -v e -c 1,NA,,1,1,1,1,0,0,0,0
217,RTREV+I,model,invariant,0,0,1,protein, -o lr  -m RtREV -d aa -f m -v e -c 1,NA,,1,1,0,1,0,0,0,0
218,MTMAM+I,model,invariant,0,0,1,protein, -o lr  -m MtMam -d aa -f m -v e -c 1,NA,,1,1,0,1,0,0,0,0
219,MTART+I,model,invariant,0,0,1,protein, -o lr  -m MtArt -d aa -f m -v e -c 1,NA,,1,1,0,0,0,0,0,0
220,HIVB+I,model,invariant,0,0,1,protein, -o lr  -m HIVb -d aa -f m -v e -c 1,NA,,1,1,0,0,0,0,0,0
221,HIVW+I,model,invariant,0,0,1,protein, -o lr  -m HIVw -d aa -f m -v e -c 1,NA,,1,1,0,0,0,0,0,0
222,LG4M+I,model,invariant,0,0,1,protein,NA,NA,,0,1,0,0,0,0,0,0
223,LG4X+I,model,invariant,6,0,1,protein,NA,NA,,0,1,0,0,0,0,0,0
224,MTZOA+I,model,invariant,0,0,1,protein,NA,NA,,1,1,0,0,0,0,0,0
225,PMB+I,model,invariant,0,0,1,protein,NA,NA,,1,1,0,0,0,0,0,0
226,JTTDCMUT+I,model,invariant,0,0,1,protein,NA,NA,,1,1,0,0,0,0,0,0
227,FLU+I,model,invariant,0,0,1,protein,NA,NA,,1,1,0,0,0,0,0,0
228,STMTREV+I,model,invariant,0,0,1,protein,NA,NA,,1,1,0,0,0,0,0,0
229,DUMMY+I,model,invariant,0,0,1,protein,NA,NA,,1,1,0,0,0,0,0,0
230,DUMMY2+I,model,invariant,0,0,1,protein,NA,NA,,1,1,0,0,0,0,0,0
231,GTR+I,model,invariant,189,0,1,protein,NA,NA,"Not possilbe by definition, since the GTR model has to get it's amino acid frequencies from somewhere.",0,1,0,0,0,0,0,0
232,LG+I+F,empirical,invariant,0,19,1,protein, -o lr  -m LG -d aa -f e -v e -c 1,NA,,1,1,0,0,0,0,0,0
233,WAG+I+F,empirical,invariant,0,19,1,protein, -o lr  -m WAG -d aa -f e -v e -c 1,NA,,1,1,0,0,0,0,0,0
234,MTREV+I+F,empirical,invariant,0,19,1,protein, -o lr  -m mtREV -d aa -f e -v e -c 1,NA,,1,1,0,0,0,0,0,0
235,DAYHOFF+I+F,empirical,invariant,0,19,1,protein, -o lr  -m Dayhoff -d aa -f e -v e -c 1,NA,,1,1,0,0,0,0,0,0
236,DCMUT+I+F,empirical,invariant,0,19,1,protein, -o lr  -m DCMut -d aa -f e -v e -c 1,NA,,1,1,0,0,0,0,0,0
237,JTT+I+F,empirical,invariant,0,19,1,protein, -o lr  -m JTT -d aa -f e -v e -c 1,NA,,1,1,0,0,0,0,0,0
238,VT+I+F,empirical,invariant,0,19,1,protein, -o lr  -m VT -d aa -f e -v e -c 1,NA,,1,1,0,0,0,0,0,0
239,BLOSUM62+I+F,empirical,invariant,0,19,1,protein, -o lr  -m Blosum62 -d aa -f e -v e -c 1,NA,,1,1,0,0,0,0,0,0
240,CPREV+I+F,empirical,invariant,0,19,1,protein, -o lr  -m CpREV -d aa -f e -v e -c 1,NA,,1,1,0,0,0,0,0,0
241,RTREV+I+F,empirical,invariant,0,19,1,protein, -o lr  -m RtREV -d aa -f e -v e -c 1,NA,,1,1,0,0,0,0,0,0
242,MTMAM+I+F,empirical,invariant,0,19,1,protein, -o lr  -m MtMam -d aa -f e -v e -c 1,NA,,1,1,0,0,0,0,0,0
243,MTART+I+F,empirical,invariant,0,19,1,protein, -o lr  -m MtArt -d aa -f e -v e -c 1,NA,,1,1,0,0,0,0,0,0
244,HIVB+I+F,empirical,invariant,0,19,1,protein, -o lr  -m HIVb -d aa -f e -v e -c 1,NA,,1,1,0,0,0,0,0,0
245,HIVW+I+F,empirical,invariant,0,19,1,protein, -o lr  -m HIVw -d aa -f e -v e -c 1,NA,,1,1,0,0,0,0,0,0
246,LG4M+I+F,empirical,invariant,0,19,1,protein,NA,NA,"Advised against in the RAxML v8 Manual, so not impelemented in PF",0,0,0,0,0,0,0,0
247,LG4X+I+F,empirical,invariant,6,19,1,protein,NA,NA,"Advised against in the RAxML v8 Manual, so not impelemented in PF",0,0,0,0,0,0,0,0
248,MTZOA+I+F,empirical,invariant,0,19,1,protein,NA,NA,,1,1,0,0,0,0,0,0
249,PMB+I+F,empirical,invariant,0,19,1,protein,NA,NA,,1,1,0,0,0,0,0,0
250,JTTDCMUT+I+F,empirical,invariant,0,19,1,protein,NA,NA,,1,1,0,0,0,0,0,0
251,FLU+I+F,empirical,invariant,0,19,1,protein,NA,NA,,1,1,0,0,0,0,0,0
252,STMTREV+I+F,empirical,invariant,0,19,1,protein,NA,NA,,1,1,0,0,0,0,0,0
253,DUMMY+I+F,empirical,invariant,0,19,1,protein,NA,NA,,1,1,0,0,0,0,0,0
254,DUMMY2+I+F,empirical,invariant,0,19,1,protein,NA,NA,,1,1,0,0,0,0,0,0
255,GTR+I+F,empirical,invariant,189,19,1,protein,NA,NA,,0,1,0,1,0,0,0,0
256,LG+I+X,ML,invariant,0,19,1,protein,NA,NA,,0,1,0,0,0,0,0,0
257,WAG+I+X,ML,invariant,0,19,1,protein,NA,NA,,0,1,0,0,0,0,0,0
258,MTREV+I+X,ML,invariant,0,19,1,protein,NA,NA,,0,1,0,0,0,0,0,0
259,DAYHOFF+I+X,ML,invariant,0,19,1,protein,NA,NA,,0,1,0,0,0,0,0,0
260,DCMUT+I+X,ML,invariant,0,19,1,protein,NA,NA,,0,1,0,0,0,0,0,0
261,JTT+I+X,ML,invariant,0,19,1,protein,NA,NA,,0,1,0,0,0,0,0,0
262,VT+I+X,ML,invariant,0,19,1,protein,NA,NA,,0,1,0,0,0,0,0,0
263,BLOSUM62+I+X,ML,invariant,0,19,1,protein,NA,NA,,0,1,0,0,0,0,0,0
264,CPREV+I+X,ML,invariant,0,19,1,protein,NA,NA,,0,1,0,0,0,0,0,0
265,RTREV+I+X,ML,invariant,0,19,1,protein,NA,NA,,0,1,0,0,0,0,0,0
266,MTMAM+I+X,ML,invariant,0,19,1,protein,NA,NA,,0,1,0,0,0,0,0,0
267,MTART+I+X,ML,invariant,0,19,1,protein,NA,NA,,0,1,0,0,0,0,0,0
268,HIVB+I+X,ML,invariant,0,19,1,protein,NA,NA,,0,1,0,0,0,0,0,0
269,HIVW+I+X,ML,invariant,0,19,1,protein,NA,NA,,0,1,0,0,0,0,0,0
270,LG4M+I+X,ML,invariant,0,19,1,protein,NA,NA,"Advised against in the RAxML v8 Manual, so not impelemented in PF",0,0,0,0,0,0,0,0
271,LG4X+I+X,ML,invariant,6,19,1,protein,NA,NA,"Advised against in the RAxML v8 Manual, so not impelemented in PF",0,0,0,0,0,0,0,0
272,MTZOA+I+X,ML,invariant,0,19,1,protein,NA,NA,,0,1,0,0,0,0,0,0
273,PMB+I+X,ML,invariant,0,19,1,protein,NA,NA,,0,1,0,0,0,0,0,0
274,JTTDCMUT+I+X,ML,invariant,0,19,1,protein,NA,NA,,0,1,0,0,0,0,0,0
275,FLU+I+X,ML,invariant,0,19,1,protein,NA,NA,,0,1,0,0,0,0,0,0
276,STMTREV+I+X,ML,invariant,0,19,1,protein,NA,NA,,0,1,0,0,0,0,0,0
277,DUMMY+I+X,ML,invariant,0,19,1,protein,NA,NA,,0,1,0,0,0,0,0,0
278,DUMMY2+I+X,ML,invariant,0,19,1,protein,NA,NA,,0,1,0,0,0,0,0,0
279,GTR+I+X,ML,invariant,189,19,1,protein,NA,NA,,0,1,0,0,0,0,0,0
280,JC+I+G,equal,"invariant, gamma",0,0,2,DNA," -o lr  -m 000000 -f '0.25, 0.25, 0.25, 0.25' -v e -a e -c 4",NA,,1,1,1,1,0,1,1,0
281,K80+I+G,equal,"invariant, gamma",1,0,2,DNA," -o lr  -m 010010 -f '0.25, 0.25, 0.25, 0.25' -v e -a e -c 4",NA,,1,1,1,1,0,1,1,0
282,TRNEF+I+G,equal,"invariant, gamma",2,0,2,DNA," -o lr  -m 010020 -f '0.25, 0.25, 0.25, 0.25' -v e -a e -c 4",NA,,1,1,1,0,0,1,1,0
283,K81+I+G,equal,"invariant, gamma",2,0,2,DNA," -o lr  -m 012210 -f '0.25, 0.25, 0.25, 0.25' -v e -a e -c 4",NA,,1,1,0,0,0,1,1,0
284,TVMEF+I+G,equal,"invariant, gamma",4,0,2,DNA," -o lr  -m 012314 -f '0.25, 0.25, 0.25, 0.25' -v e -a e -c 4",NA,,1,1,0,0,0,1,0,0
285,TIMEF+I+G,equal,"invariant, gamma",3,0,2,DNA," -o lr  -m 012230 -f '0.25, 0.25, 0.25, 0.25' -v e -a e -c 4",NA,,1,1,0,0,0,1,0,0
286,SYM+I+G,equal,"invariant, gamma",5,0,2,DNA," -o lr  -m 012345 -f '0.25, 0.25, 0.25, 0.25' -v e -a e -c 4",NA,,1,1,1,1,0,1,0,0
287,F81+I+G,empirical,"invariant, gamma",0,3,2,DNA, -o lr  -m 000000 -f e -v e -a e -c 4,NA,,1,1,0,1,0,1,1,0
288,HKY+I+G,empirical,"invariant, gamma",1,3,2,DNA, -o lr  -m 010010 -f e -v e -a e -c 4,NA,,1,1,1,1,0,1,0,0
289,TRN+I+G,empirical,"invariant, gamma",2,3,2,DNA, -o lr  -m 010020 -f e -v e -a e -c 4,NA,,1,1,1,0,0,1,0,0
290,K81UF+I+G,empirical,"invariant, gamma",2,3,2,DNA, -o lr  -m 012210 -f e -v e -a e -c 4,NA,,1,1,0,0,0,1,0,0
291,TVM+I+G,empirical,"invariant, gamma",4,3,2,DNA, -o lr  -m 012314 -f e -v e -a e -c 4,NA,,1,1,0,0,0,1,0,0
292,TIM+I+G,empirical,"invariant, gamma",3,3,2,DNA, -o lr  -m 012230 -f e -v e -a e -c 4,NA,,1,1,0,0,0,1,0,0
293,GTR+I+G,empirical,"invariant, gamma",5,3,2,DNA, -o lr  -m 012345 -f e -v e -a e -c 4, -m GTRGAMMAI,,1,1,1,1,0,1,0,0
294,F81+I+G+X,ML,"invariant, gamma",0,3,2,DNA, -o lr  -m 000000 -f m -v e -a e -c 4,NA,,0,1,0,0,0,0,1,0
295,HKY+I+G+X,ML,"invariant, gamma",1,3,2,DNA, -o lr  -m 010010 -f m -v e -a e -c 4,NA,,0,1,1,0,0,0,0,0
296,TRN+I+G+X,ML,"invariant, gamma",2,3,2,DNA, -o lr  -m 010020 -f m -v e -a e -c 4,NA,,0,1,1,0,0,0,0,0
297,K81UF+I+G+X,ML,"invariant, gamma",2,3,2,DNA, -o lr  -m 012210 -f m -v e -a e -c 4,NA,,0,1,0,0,0,0,0,0
298,TVM+I+G+X,ML,"invariant, gamma",4,3,2,DNA, -o lr  -m 012314 -f m -v e -a e -c 4,NA,,0,1,0,0,0,0,0,0
299,TIM+I+G+X,ML,"invariant, gamma",3,3,2,DNA, -o lr  -m 012230 -f m -v e -a e -c 4,NA,,0,1,0,0,0,0,0,0
300,GTR+I+G+X,ML,"invariant, gamma",5,3,2,DNA, -o lr  -m 012345 -f m -v e -a e -c 4, -m GTRGAMMAIX,,0,1,1,0,0,0,0,0
301,LG+I+G,model,"invariant, gamma",0,0,2,protein, -o lr  -m LG -d aa -f m -v e -a e -c 4, -m PROTGAMMAILG,,1,1,0,0,0,1,0,0
302,WAG+I+G,model,"invariant, gamma",0,0,2,protein, -o lr  -m WAG -d aa -f m -v e -a e -c 4, -m PROTGAMMAIWAG,,1,1,1,1,0,1,0,0
303,MTREV+I+G,model,"invariant, gamma",0,0,2,protein, -o lr  -m mtREV -d aa -f m -v e -a e -c 4, -m PROTGAMMAIMTREV,,1,1,1,1,0,1,0,0
304,DAYHOFF+I+G,model,"invariant, gamma",0,0,2,protein, -o lr  -m Dayhoff -d aa -f m -v e -a e -c 4, -m PROTGAMMAIDAYHOFF,,1,1,1,1,0,1,0,0
305,DCMUT+I+G,model,"invariant, gamma",0,0,2,protein, -o lr  -m DCMut -d aa -f m -v e -a e -c 4, -m PROTGAMMAIDCMUT,,1,1,0,0,0,1,0,0
306,JTT+I+G,model,"invariant, gamma",0,0,2,protein, -o lr  -m JTT -d aa -f m -v e -a e -c 4, -m PROTGAMMAIJTT,,1,1,1,0,0,1,0,0
307,VT+I+G,model,"invariant, gamma",0,0,2,protein, -o lr  -m VT -d aa -f m -v e -a e -c 4, -m PROTGAMMAIVT,,1,1,0,1,0,1,0,0
308,BLOSUM62+I+G,model,"invariant, gamma",0,0,2,protein, -o lr  -m Blosum62 -d aa -f m -v e -a e -c 4, -m PROTGAMMAIBLOSUM62,,1,1,1,1,0,1,0,0
309,CPREV+I+G,model,"invariant, gamma",0,0,2,protein, -o lr  -m CpREV -d aa -f m -v e -a e -c 4, -m PROTGAMMAICPREV,,1,1,1,1,0,1,0,0
310,RTREV+I+G,model,"invariant, gamma",0,0,2,protein, -o lr  -m RtREV -d aa -f m -v e -a e -c 4, -m PROTGAMMAIRTREV,,1,1,0,1,0,1,0,0
311,MTMAM+I+G,model,"invariant, gamma",0,0,2,protein, -o lr  -m MtMam -d aa -f m -v e -a e -c 4, -m PROTGAMMAIMTMAM,,1,1,0,1,0,1,0,0
312,MTART+I+G,model,"invariant, gamma",0,0,2,protein, -o lr  -m MtArt -d aa -f m -v e -a e -c 4, -m PROTGAMMAIMTART,,1,1,0,0,0,1,0,0
313,HIVB+I+G,model,"invariant, gamma",0,0,2,protein, -o lr  -m HIVb -d aa -f m -v e -a e -c 4, -m PROTGAMMAIHIVB,,1,1,0,0,0,1,0,0
314,HIVW+I+G,model,"invariant, gamma",0,0,2,protein, -o lr  -m HIVw -d aa -f m -v e -a e -c 4, -m PROTGAMMAIHIVW,,1,1,0,0,0,1,0,0
315,LG4M+I+G,model,"invariant, gamma",0,0,2,protein,NA,NA,Not implemented in RAxML,0,0,0,0,0,0,0,0
316,LG4X+I+G,model,"invariant, gamma",6,0,2,protein,NA,NA,"This model is not possible by definition, since the LG4X model has 4 free rate categories (i.e. they are not distributed according to a gamma distribution)",0,1,0,0,0,0,0,0
317,MTZOA+I+G,model,"invariant, gamma",0,0,2,protein,NA, -m PROTGAMMAIMTZOA,,1,1,0,0,0,1,0,0
318,PMB+I+G,model,"invariant, gamma",0,0,2,protein,NA, -m PROTGAMMAIPMB,,1,1,0,0,0,1,0,0
319,JTTDCMUT+I+G,model,"invariant, gamma",0,0,2,protein,NA, -m PROTGAMMAIJTTDCMUT,,1,1,0,0,0,1,0,0
320,FLU+I+G,model,"invariant, gamma",0,0,2,protein,NA, -m PROTGAMMAIFLU,,1,1,0,0,0,1,0,0
321,STMTREV+I+G,model,"invariant, gamma",0,0,2,protein,NA, -m PROTGAMMAISTMTREV,,1,1,0,0,0,1,0,0
322,DUMMY+I+G,model,"invariant, gamma",0,0,2,protein,NA, -m PROTGAMMAIDUMMY,,1,1,0,0,0,1,0,0
323,DUMMY2+I+G,model,"invariant, gamma",0,0,2,protein,NA, -m PROTGAMMAIDUMMY2,,1,1,0,0,0,1,0,0
324,GTR+I+G,model,"invariant, gamma",189,0,2,protein,NA,NA,"Not possilbe by definition, since the GTR model has to get it's amino acid frequencies from somewhere.",0,0,0,0,0,0,0,0
325,LG+I+G+F,empirical,"invariant, gamma",0,19,2,protein, -o lr  -m LG -d aa -f e -v e -a e -c 4, -m PROTGAMMAILGF,,1,1,0,0,0,1,0,0
326,WAG+I+G+F,empirical,"invariant, gamma",0,19,2,protein, -o lr  -m WAG -d aa -f e -v e -a e -c 4, -m PROTGAMMAIWAGF,,1,1,0,0,0,1,0,0
327,MTREV+I+G+F,empirical,"invariant, gamma",0,19,2,protein, -o lr  -m mtREV -d aa -f e -v e -a e -c 4, -m PROTGAMMAIMTREVF,,1,1,0,0,0,1,0,0
328,DAYHOFF+I+G+F,empirical,"invariant, gamma",0,19,2,protein, -o lr  -m Dayhoff -d aa -f e -v e -a e -c 4, -m PROTGAMMAIDAYHOFFF,,1,1,0,0,0,1,0,0
329,DCMUT+I+G+F,empirical,"invariant, gamma",0,19,2,protein, -o lr  -m DCMut -d aa -f e -v e -a e -c 4, -m PROTGAMMAIDCMUTF,,1,1,0,0,0,1,0,0
330,JTT+I+G+F,empirical,"invariant, gamma",0,19,2,protein, -o lr  -m JTT -d aa -f e -v e -a e -c 4, -m PROTGAMMAIJTTF,,1,1,0,0,0,1,0,0
331,VT+I+G+F,empirical,"invariant, gamma",0,19,2,protein, -o lr  -m VT -d aa -f e -v e -a e -c 4, -m PROTGAMMAIVTF,,1,1,0,0,0,1,0,0
332,BLOSUM62+I+G+F,empirical,"invariant, gamma",0,19,2,protein, -o lr  -m Blosum62 -d aa -f e -v e -a e -c 4, -m PROTGAMMAIBLOSUM62F,,1,1,0,0,0,1,0,0
333,CPREV+I+G+F,empirical,"invariant, gamma",0,19,2,protein, -o lr  -m CpREV -d aa -f e -v e -a e -c 4, -m PROTGAMMAICPREVF,,1,1,0,0,0,1,0,0
334,RTREV+I+G+F,empirical,"invariant, gamma",0,19,2,protein, -o lr  -m RtREV -d aa -f e -v e -a e -c 4, -m PROTGAMMAIRTREVF,,1,1,0,0,0,1,0,0
335,MTMAM+I+G+F,empirical,"invariant, gamma",0,19,2,protein, -o lr  -m MtMam -d aa -f e -v e -a e -c 4, -m PROTGAMMAIMTMAMF,,1,1,0,0,0,1,0,0
336,MTART+I+G+F,empirical,"invariant, gamma",0,19,2,protein, -o lr  -m MtArt -d aa -f e -v e -a e -c 4, -m PROTGAMMAIMTARTF,,1,1,0,0,0,1,0,0
337,HIVB+I+G+F,empirical,"invariant, gamma",0,19,2,protein, -o lr  -m HIVb -d aa -f e -v e -a e -c 4, -m PROTGAMMAIHIVBF,,1,1,0,0,0,1,0,0
338,HIVW+I+G+F,empirical,"invariant, gamma",0,19,2,protein, -o lr  -m HIVw -d aa -f e -v e -a e -c 4, -m PROTGAMMAIHIVWF,,1,1,0,0,0,1,0,0
339,LG4M+I+G+F,empirical,"invariant, gamma",0,19,2,protein,NA,NA,"Advised against in the RAxML v8 Manual, so not impelemented in PF",0,0,0,0,0,0,0,0
340,LG4X+I+G+F,empirical,"invariant, gamma",6,19,2,protein,NA,NA,"Advised against in the RAxML v8 Manual, so not impelemented in PF",0,0,0,0,0,0,0,0
341,MTZOA+I+G+F,empirical,"invariant, gamma",0,19,2,protein,NA, -m PROTGAMMAIMTZOAF,,1,1,0,0,0,1,0,0
342,PMB+I+G+F,empirical,"invariant, gamma",0,19,2,protein,NA, -m PROTGAMMAIPMBF,,1,1,0,0,0,1,0,0
343,JTTDCMUT+I+G+F,empirical,"invariant, gamma",0,19,2,protein,NA, -m PROTGAMMAIJTTDCMUTF,,1,1,0,0,0,1,0,0
344,FLU+I+G+F,empirical,"invariant, gamma",0,19,2,protein,NA, -m PROTGAMMAIFLUF,,1,1,0,0,0,1,0,0
345,STMTREV+I+G+F,empirical,"invariant, gamma",0,19,2,protein,NA, -m PROTGAMMAISTMTREVF,,1,1,0,0,0,1,0,0
346,DUMMY+I+G+F,empirical,"invariant, gamma",0,19,2,protein,NA, -m PROTGAMMAIDUMMYF,,1,1,0,0,0,1,0,0
347,DUMMY2+I+G+F,empirical,"invariant, gamma",0,19,2,protein,NA, -m PROTGAMMAIDUMMY2F,,1,1,0,0,0,1,0,0
348,GTR+I+G+F,empirical,"invariant, gamma",189,19,2,protein,NA, -m PROTGAMMAIGTR,,0,1,0,1,0,0,0,0
349,LG+I+G+X,ML,"invariant, gamma",0,19,2,protein,NA, -m PROTGAMMAILGX,,0,1,0,0,0,0,0,0
350,WAG+I+G+X,ML,"invariant, gamma",0,19,2,protein,NA, -m PROTGAMMAIWAGX,,0,1,0,0,0,0,0,0
351,MTREV+I+G+X,ML,"invariant, gamma",0,19,2,protein,NA, -m PROTGAMMAIMTREVX,,0,1,0,0,0,0,0,0
352,DAYHOFF+I+G+X,ML,"invariant, gamma",0,19,2,protein,NA, -m PROTGAMMAIDAYHOFFX,,0,1,0,0,0,0,0,0
353,DCMUT+I+G+X,ML,"invariant, gamma",0,19,2,protein,NA, -m PROTGAMMAIDCMUTX,,0,1,0,0,0,0,0,0
354,JTT+I+G+X,ML,"invariant, gamma",0,19,2,protein,NA, -m PROTGAMMAIJTTX,,0,1,0,0,0,0,0,0
355,VT+I+G+X,ML,"invariant, gamma",0,19,2,protein,NA, -m PROTGAMMAIVTX,,0,1,0,0,0,0,0,0
356,BLOSUM62+I+G+X,ML,"invariant, gamma",0,19,2,protein,NA, -m PROTGAMMAIBLOSUM62X,,0,1,0,0,0,0,0,0
357,CPREV+I+G+X,ML,"invariant, gamma",0,19,2,protein,NA, -m PROTGAMMAICPREVX,,0,1,0,0,0,0,0,0
358,RTREV+I+G+X,ML,"invariant, gamma",0,19,2,protein,NA, -m PROTGAMMAIRTREVX,,0,1,0,0,0,0,0,0
359,MTMAM+I+G+X,ML,"invariant, gamma",0,19,2,protein,NA, -m PROTGAMMAIMTMAMX,,0,1,0,0,0,0,0,0
360,MTART+I+G+X,ML,"invariant, gamma",0,19,2,protein,NA, -m PROTGAMMAIMTARTX,,0,1,0,0,0,0,0,0
361,HIVB+I+G+X,ML,"invariant, gamma",0,19,2,protein,NA, -m PROTGAMMAIHIVBX,,0,1,0,0,0,0,0,0
362,HIVW+I+G+X,ML,"invariant, gamma",0,19,2,protein,NA, -m PROTGAMMAIHIVWX,,0,1,0,0,0,0,0,0
363,LG4M+I+G+X,ML,"invariant, gamma",0,19,2,protein,NA,NA,"Advised against in the RAxML v8 Manual, so not impelemented in PF",0,0,0,0,0,0,0,0
364,LG4X+I+G+X,ML,"invariant, gamma",6,19,2,protein,NA,NA,"Advised against in the RAxML v8 Manual, so not impelemented in PF",0,0,0,0,0,0,0,0
365,MTZOA+I+G+X,ML,"invariant, gamma",0,19,2,protein,NA, -m PROTGAMMAIMTZOAX,,0,1,0,0,0,0,0,0
366,PMB+I+G+X,ML,"invariant, gamma",0,19,2,protein,NA, -m PROTGAMMAIPMBX,,0,1,0,0,0,0,0,0
367,JTTDCMUT+I+G+X,ML,"invariant, gamma",0,19,2,protein,NA, -m PROTGAMMAIJTTDCMUTX,,0,1,0,0,0,0,0,0
368,FLU+I+G+X,ML,"invariant, gamma",0,19,2,protein,NA, -m PROTGAMMAIFLUX,,0,1,0,0,0,0,0,0
369,STMTREV+I+G+X,ML,"invariant, gamma",0,19,2,protein,NA, -m PROTGAMMAISTMTREVX,,0,1,0,0,0,0,0,0
370,DUMMY+I+G+X,ML,"invariant, gamma",0,19,2,protein,NA, -m PROTGAMMAIDUMMYX,,0,1,0,0,0,0,0,0
371,DUMMY2+I+G+X,ML,"invariant, gamma",0,19,2,protein,NA, -m PROTGAMMAIDUMMY2X,,0,1,0,0,0,0,0,0
372,GTR+I+G+X,ML,"invariant, gamma",189,19,2,protein,NA, -m PROTGAMMAIGTRX,,0,1,0,0,0,0,0,0
373,BINARY+G,,gamma,0,0,1,morphology,NA,-m BINGAMMA,for binary morphological data,0,0,0,0,0,0,0,0
374,BINARY+G+A,,gamma,0,0,1,morphology,NA,-m ASC_BINGAMMA --asc-corr=lewis,for binary morphological data,0,0,0,0,0,0,0,0
375,MULTISTATE+G,,gamma,0,0,1,morphology,NA,-m MULTIGAMMA -K MK,"for multistate morphological data, assumes the MK model",0,0,0,0,0,0,0,0
376,MULTISTATE+G+A,,gamma,0,0,1,morphology,NA,-m ASC_MULTIGAMMA -K MK --asc-corr=lewis,"for multistate morphological data, assumes the MK model",0,0,0,0,0,0,0,0